                  epoch,         train/box_loss,         train/cls_loss,         train/dfl_loss,   metrics/precision(B),      metrics/recall(B),       metrics/mAP50(B),    metrics/mAP50-95(B),           val/box_loss,           val/cls_loss,           val/dfl_loss,                 lr/pg0,                 lr/pg1,                 lr/pg2
                      1,                 1.7828,                 2.6423,                 1.6361,                0.41089,                0.36415,                0.33798,                 0.1307,                 1.9611,                 2.3133,                 1.8318,             0.00066473,             0.00066473,             0.00066473
                      2,                 1.7986,                 1.9429,                 1.6369,                0.33733,                0.43417,                0.30124,                0.12105,                 2.0723,                 2.6464,                 1.9373,               0.001305,               0.001305,               0.001305
                      3,                 1.7831,                 1.7895,                 1.6335,                0.38254,                0.54622,                0.41261,                0.16234,                 2.0014,                 1.8493,                 1.9485,              0.0019189,              0.0019189,              0.0019189
                      4,                 1.7525,                 1.6934,                 1.6261,                0.46574,                0.59384,                0.50814,                0.20405,                 1.8853,                 2.0815,                 1.7945,              0.0018812,              0.0018812,              0.0018812
                      5,                 1.6999,                 1.5854,                 1.5822,                0.47336,                0.56649,                0.46504,                0.17196,                 2.0206,                 1.8735,                 1.8935,              0.0018812,              0.0018812,              0.0018812
                      6,                 1.6427,                  1.488,                 1.5523,                 0.5053,                 0.4958,                0.49754,                0.20433,                 1.9719,                  1.713,                 1.8333,              0.0018416,              0.0018416,              0.0018416
                      1,                  1.779,                  2.622,                 1.6263,                0.38818,                0.33613,                0.26025,                0.08432,                 2.2224,                 2.8579,                 2.1216,             0.00066473,             0.00066473,             0.00066473
                      2,                 1.8009,                 1.9483,                 1.6433,                0.33875,                0.28126,                 0.2703,                0.10453,                 2.1529,                 2.3702,                 2.0342,               0.001305,               0.001305,               0.001305
                      3,                  1.779,                 1.7751,                  1.642,                0.40102,                0.43417,                0.34813,                0.12471,                  1.994,                 2.3817,                 1.8354,              0.0019189,              0.0019189,              0.0019189
                      4,                 1.7446,                 1.6968,                 1.6198,                0.52901,                0.60224,                 0.5499,                0.21574,                 1.9921,                 1.6337,                 1.8562,              0.0018812,              0.0018812,              0.0018812
                      5,                 1.6935,                 1.5907,                  1.582,                0.47919,                0.51261,                0.44105,                0.18266,                 1.9555,                 1.8303,                 1.8303,              0.0018812,              0.0018812,              0.0018812
                      6,                 1.6445,                 1.4853,                 1.5501,                0.49341,                0.66387,                0.55034,                0.23276,                 1.9001,                 1.5597,                 1.7474,              0.0018416,              0.0018416,              0.0018416
                      7,                 1.6073,                 1.4134,                 1.5253,                0.54832,                0.61625,                0.55385,                0.23907,                 1.8409,                 1.5151,                 1.7151,               0.001802,               0.001802,               0.001802
                      8,                 1.5873,                 1.3729,                 1.4983,                0.57545,                0.61064,                0.59248,                0.24502,                  1.892,                  1.493,                 1.7505,              0.0017624,              0.0017624,              0.0017624
                      9,                 1.5543,                 1.3213,                 1.4828,                0.61417,                0.62465,                0.63064,                0.26141,                 1.8752,                 1.4123,                 1.7257,              0.0017228,              0.0017228,              0.0017228
                     10,                 1.5104,                 1.2603,                 1.4481,                0.61234,                0.60224,                0.62362,                0.26292,                 1.9233,                 1.4291,                 1.7593,              0.0016832,              0.0016832,              0.0016832
                     11,                 1.4953,                 1.2517,                 1.4371,                0.66063,                0.65266,                0.66025,                0.29728,                 1.7885,                 1.3092,                 1.6626,              0.0016436,              0.0016436,              0.0016436
                     12,                 1.4821,                 1.2154,                 1.4313,                0.63314,                0.61064,                0.63713,                0.28833,                 1.8386,                 1.3617,                 1.6835,               0.001604,               0.001604,               0.001604
                     13,                 1.4687,                 1.1915,                 1.4279,                0.65097,                0.70028,                0.67843,                0.29375,                 1.8182,                 1.3264,                 1.6604,              0.0015644,              0.0015644,              0.0015644
                     14,                 1.4479,                 1.1623,                 1.4183,                 0.6437,                0.66667,                0.68345,                0.31562,                 1.8012,                 1.3417,                 1.6563,              0.0015248,              0.0015248,              0.0015248
                     15,                 1.4236,                 1.1327,                 1.3907,                0.65837,                0.61625,                0.66308,                0.31383,                 1.7366,                 1.3053,                 1.6298,              0.0014852,              0.0014852,              0.0014852
                     16,                  1.418,                  1.103,                 1.3902,                0.63895,                0.70308,                0.69038,                0.32798,                  1.745,                 1.2463,                 1.6241,              0.0014456,              0.0014456,              0.0014456
                     17,                 1.3895,                 1.0821,                 1.3714,                0.67149,                0.65826,                0.68596,                0.31237,                 1.7672,                 1.2485,                 1.6339,               0.001406,               0.001406,               0.001406
                     18,                 1.3689,                 1.0509,                 1.3479,                0.64634,                0.64146,                 0.6509,                0.30668,                  1.758,                 1.2562,                 1.6071,              0.0013664,              0.0013664,              0.0013664
                     19,                 1.3685,                  1.053,                 1.3561,                0.66877,                0.67787,                 0.6965,                0.33398,                 1.7416,                 1.2003,                 1.6119,              0.0013268,              0.0013268,              0.0013268
                     20,                 1.3532,                 1.0413,                 1.3386,                0.66062,                0.69748,                0.71375,                0.33715,                 1.7585,                   1.19,                  1.607,              0.0012872,              0.0012872,              0.0012872
                     21,                 1.3457,                 1.0155,                 1.3323,                0.69108,                0.72065,                0.74067,                0.36188,                 1.6946,                  1.139,                 1.5748,              0.0012476,              0.0012476,              0.0012476
                     22,                 1.3255,                0.99883,                 1.3237,                0.62857,                0.68734,                0.70058,                0.32734,                 1.7634,                 1.2337,                 1.6122,               0.001208,               0.001208,               0.001208
                     23,                 1.3201,                0.97235,                 1.3201,                0.66065,                0.71429,                0.70897,                0.32322,                 1.7671,                 1.1857,                 1.6032,              0.0011684,              0.0011684,              0.0011684
                     24,                  1.309,                0.97991,                 1.3157,                0.72079,                0.64426,                0.70966,                0.36159,                 1.7211,                 1.2167,                 1.5577,              0.0011288,              0.0011288,              0.0011288
                     25,                 1.2994,                0.95396,                 1.3117,                0.66595,                 0.7507,                0.72221,                0.34058,                 1.7494,                 1.1488,                 1.5841,              0.0010892,              0.0010892,              0.0010892
                     26,                 1.2767,                0.92791,                 1.2897,                0.70977,                0.69468,                0.71289,                0.32931,                  1.737,                 1.1372,                 1.6105,              0.0010496,              0.0010496,              0.0010496
                     27,                 1.2548,                0.92617,                 1.2769,                0.74002,                0.69188,                0.72321,                0.36161,                 1.6959,                 1.1395,                 1.5699,                0.00101,                0.00101,                0.00101
                     28,                 1.2483,                0.92584,                  1.275,                0.73369,                0.69748,                 0.7292,                0.35977,                   1.73,                 1.0862,                 1.6126,              0.0009704,              0.0009704,              0.0009704
                     29,                  1.234,                0.90758,                 1.2682,                0.66304,                0.70028,                0.70935,                 0.3479,                  1.754,                  1.205,                 1.6181,              0.0009308,              0.0009308,              0.0009308
                     30,                 1.2339,                0.89193,                 1.2634,                0.69837,                 0.7535,                0.73691,                0.36091,                 1.7208,                 1.1082,                 1.5594,              0.0008912,              0.0008912,              0.0008912
                     31,                 1.2315,                0.90085,                 1.2729,                0.69417,                0.75659,                0.73377,                0.35878,                 1.7259,                 1.0681,                 1.6041,              0.0008516,              0.0008516,              0.0008516
